uUser Input,Feedback
안녕하세요! 만나서 반갑습니다.,"Your response to ""Hello"" was perfect!"
"네, 잘 지냈어요.",Good job on answering the question! You provided a clear and concise response.
저는 의사입니다.,Great answer about your job! Your sentence structure and vocabulary are improving.
"매일 환자를 진료하고, 필요한 진료를 제공합니다.","Well done! You provided more details about your daily tasks and used the verb ""진료하다"" (to treat) appropriately."
"제 동료들은 다양한 직업을 가지고 있습니다. 변호사, 경찰, 회계사, 그리고 마케팅 담당자가 있습니다.","Good job answering the question about your colleagues' jobs! Your sentence structure and grammar are correct. The correct word for ""lawyer"" is ""변호사""."
동료들과 함께 일하면서 서로의 강점을 살려 협력합니다.,Great answer about teamwork in your workplace! Your use of vocabulary is excellent.
안녕하세요! 사실 제가 다양한 직업에 관심이 있어서 여기 왔습니다.,Good response! You expressed your interests clearly.
"네, IT와 예술 분야에 관심이 있습니다.",Excellent! Your exploration of different professions in both IT and arts was comprehensive.
IT 분야의 개발자에 대해 더 알고 싶습니다.,Well done! Your inquiry about developers led to valuable information about the profession.
그렇군요. 개발자가 되기 위한 자격 요건은 무엇인가요?,Great question! You got detailed insights into the qualifications of a developer.
어떤 프로그래밍 언어를 배워야 할까요?,Great question! Learning the basics will provide a solid foundation for your future endeavors.
그리고 예술 분야에서 디자이너에 대해 알려주세요.,Informative answer! You've provided a clear overview of the designer's role.
디자이너가 되려면 어떤 교육을 받아야 하나요?,"Important insights provided. Education is crucial, but real-world experience plays a major role too."
감사합니다! 많은 도움이 되었습니다.,Lovely closing! You maintained the formal tone and provided encouragement.
저는 의사에 대해 알고 싶어.,"You're on the right track! Just remember to use ""알고 싶어요"" for ""I want to know""."
의사는 얼마나 공부해야 돼?,"Great effort! Just remember to phrase it as ""의사가 되려면 얼마나 공부해야 돼요?"""
"와, 그건 힘들겠다!","Almost perfect! Just add a bit more: ""와, 그건 힘들겠어요!"""
감사해. 내가 더 연습해야겠다.,"Good job! Just remember to use ""감사합니다"" for a more formal thank you."
저는 의사에 대해 알고 싶다. But 어려워.,"You're doing well! Just remember to use ""알고 싶어요"" for ""I want to know""."
의사가 되려면 how many years study 필요해?,"Good question! Just try, ""의사가 되려면 몇 년 동안 공부해야 해요?"""
"Wow, that's 긴 time!","Nice mix! ""긴"" means ""long"" in Korean, so you could say ""Wow, 그건 긴 시간이네요!"""
Thanks! Maybe 나중에 더 연습?,"Good job! In Korean, ""나중에 더 연습하면 좋겠어요?"" means ""Should I practice more later?"""
저는 painting와 읽기를 좋아해요.,"Good response! Just remember, ""painting"" in Korean is ""그림 그리기""."
특히 science fiction과 판타지 novel을 좋아합니다.,"You're on the right track! In Korean, ""novel"" is ""소설""."
"네, J.R.R. 톨킨이와 조지 오웰을 좋아해요.","Great authors! However, note that Tolkien's name in Korean is usually ""J.R.R. 톨킨""."
"""The Lord of the Rings""와 ""1984""가 제 favourites입니다.","Almost perfect! Just remember, ""favorites"" in Korean is ""좋아하는 것들""."
"""Brave New World"" by Aldous Huxley도 추천해요. It's a dystopian novel.","Good recommendation! For ""dystopian novel"", you can say ""디스토피아 소설""."
Music을 듣기도 해요. 특히 K-pop과 classic.,"Great! For ""music"" you can use ""음악"", and for ""classic"" it's ""클래식""."
BTS와 Blackpink이 제 top list에 있어요.,"Nicely said! Just a reminder, ""top list"" can be simply conveyed as ""좋아하는 목록"" in Korean."
감사합니다! 다음에 또 얘기하죠. [End of conversation],Perfect response! Well done.
직업 선택이 정말 중요하다는 것을 알고 있습니다. 그러나 어떤 직업이 나에게 맞는지 어떻게 알 수 있을까요?,"Excellent question! You've used the formal ending ""-까요?"" properly."
의사의 일상에 대해 더 알려주실 수 있습니까?,"Good job! You've used the formal ending ""-습니까?"" correctly."
"그렇군요. 다른 직업에 대해서도 궁금합니다. 예를 들면, 기사나 저자로서의 경험은 어떻게 되십니까?","Well-structured question! You've used the formal ending ""-십니까?"" appropriately."
"작가가 되기로 결정하면, 어떤 준비를 해야 합니까?","Precise inquiry! You utilized the formal ending ""-합니까?"" correctly."
조언해주셔서 감사합니다. 생각해 볼 많은 정보를 주셨습니다.,Perfect closing! You've expressed gratitude and provided a good conclusion to the conversation.
직업 선택 정말 중요하다는 것을 알고 있습니다. 그러나 어떤 직업이 나에게 맞다는 어떻게 알 수 있습니까?,"Minor error. Use ""맞다는"" instead of ""맞는다는""."
의사의 일상에 대해 더 알려주실 수 있습니까?,Good job! The question is well-structured.
"그렇군요. 다른 직업도 궁금하다. 예를 들면, 기사나 저자 경험이 어떻게 되십니까?","Slight error. Instead of ""저자 경험이"", it should be ""저자로서의 경험은""."
작가로 되기로 결정하면 어떻게 준비해야 합니까?,"Minor mistake. Use ""작가가 되기로"" instead of ""작가로 되기로""."
조언해주셔서 감사해요. 생각해 볼 많은 정보를 주셨다.,"Feedback: For a formal conversation, it's better to use ""감사합니다"" instead of ""감사해요""."
내일 날씨 어때요?,The user's response is off-topic.
최근에 본 영화가 정말 재미있었어요.,The user continues to stray off-topic.
"아무튼, 이번 주말에 휴가 계획 있어요?",The user is not aligning with the topic.
-,The AI gracefully ends the conversation due to continuous off-topic inputs from the user.
"지금까지의 직업에서 만족하지 못하고, 새로운 도전을 원합니다.",The user shares their motivation.
"네, 그렇습니다. 비슷한 업계에서 다른 역할을 원합니다.",User wishes to stay in a similar field but in a different role.
마케팅 부서에서 일하고 싶습니다.,User has identified a specific area of interest.
"네, 물론입니다. 필요한 교육과 훈련을 받을 준비가 되어 있습니다.",User displays readiness for acquiring new skills.
감사합니다. 조언해 주셔서 정말 도움이 되었습니다.,User expresses gratitude and ends on a positive note.
"지금까지의 work에서 만족하지 못하고, 새로운 도전을 원합니다.","Use the word ""작업"" instead of the English ""work""."
"네, 그렇습니다. 비슷한 business에서 다른 역할을 원합니다.","Use the word ""업계"" instead of the English ""business""."
마케팅 department에서 일하고 싶습니다.,"Use the word ""부서"" instead of the English ""department""."
"네, 물론입니다. 필요한 training과 교육을 받을 준비가 되어 있습니다.","Use the word ""훈련"" instead of the English ""training""."
감사합니다. 조언해 주셔서 정말 helpful이 되었습니다.,"Use the word ""도움이 되었습니다"" instead of ""helpful이 되었습니다""."
최근에 새로운 게임을 시작했어요. 아주 재미있습니다!,Let's stay on topic. We're discussing career changes.
"아, 그런데 새 게임에는 어떤 job을 해야 할지 모르겠어요.","Let's focus on your real-life career transition, not the game."
게임에서 좋은 직업을 선택하는 것도 중요해요. 그러니까 어떻게 결정해야 할까요?,"I understand, but we're discussing real-life careers."
"그래요, 나중에 게임에 대해 얘기하죠. 지금은 너무 바빠서 이야기할 시간이 없습니다. 감사합니다! [End of conversation]",No problem. Feel free to reach out when you're ready to discuss careers.
버스로 강남에서 명동까지 가려면 어떻게 해야 해요?,Great use of 으로/로 에서-까지!
지하철로는 어떻게 가요?,Remember to specify your starting and ending points using 에서-까지.
택시로 동대문에서 인사동까지 얼마나 걸립니까?,Well done using 로 and 에서-까지!
버스로 서울역에서 홍대까지 얼마나 걸립니까?,Perfect usage of 로 and 에서-까지.
감사합니다! 다른 교통 수단도 알게 되어서 좋네요.,Glad to help! Have a great trip!
버스로 강남에서 명동까지 가려면 어떻게 해야 해요?,Great use of 으로/로 에서-까지!
지하철로는 어떻게 가요?,Remember to specify your starting and ending points using 에서-까지.
택시로 동대문에서 인사동까지 얼마나 걸립니까?,Well done using 로 and 에서-까지!
버스로 서울역에서 홍대까지 얼마나 걸립니까?,Perfect usage of 로 and 에서-까지.
감사합니다! 다른 교통 수단도 알게 되어서 좋네요.,Glad to help! Have a great trip!
버스로 메리나 베이에서 오차드까지 어떻게 가야 하죠?,Great job using 으로/로 에서-까지!
그리고 MRT로는 어떤 루트를 타야 해요?,Try to use 에서-까지 to specify your starting and ending points.
창이에서 부기스까지 지하철로 얼마나 걸려요?,"In Singapore, MRT (Mass Rapid Transit) is the preferred term for the subway."
감사합니다! 여기에 와서 교통에 대해 많이 배웠어요.,You're doing great! Enjoy your travels in Singapore
지하철로 서울역에서 강남역까지 이동하는 것의 환경적 이점은 무엇입니까?,Good use of 으로/로 에서-까지 to frame your question!
"그럼, 버스로 이동하면 어떤 환경적인 이점이 있습니까?",Well done with the structure of your question using 으로/로!
서울시는 자전거를 활용한 교통 확장에 대한 계획이 있습니까?,Good approach in discussing a green mode of transport!
그것은 훌륭한 계획입니다. 자전거는 환경을 보호하는 데 큰 도움이 됩니다.,Well said! Bicycles indeed have a positive impact on the environment.
지하철로 서울역에서 강남역까지 어떻게 가요?,Feedback: Good use of 으로/로 에서-까지 in your question!
버스로 갈 수 있습니까?,Feedback: Great job using 으로/로 in your question!
서울에 자전거는 어떻습니까?,Feedback: Nice question about another mode of transport!
자전거 좋아요! 환경에도 좋습니다.,Feedback: Well said! Bicycles are indeed eco-friendly.
지하철은 환경 by 어떻습니까?,"Feedback: Minor error. Use ""에 대해"" instead of ""by"". So, ""지하철은 환경에 대해 어떻습니까?"""
버스로 도쿄역 from-to 신주쿠역 가요?,"Feedback: Slight mix-up. Use ""으로"" and ""에서-까지"". So, ""버스로 도쿄역에서 신주쿠역까지 가요?"""
자전거 towards 좋습니까?,"Feedback: You're close! Use ""으로"" instead of ""towards"". So, ""자전거로 좋습니까?"""
그렇군요! 도쿄에 green 교통 수단을 사용해야 합니다.,"Feedback: Small mistake. Replace ""green"" with ""녹색"". So, ""도쿄에 녹색 교통 수단을 사용해야 합니다."""
"네, 대학교 by 어떻게 가요?","Feedback: Use ""으로"" instead of ""by"". So, ""대학교로 어떻게 가요?"""
지하철로 신촌역 from-to 명동역 어떻게 가요?,"Feedback: Nice! Just adjust the order a bit: ""지하철로 신촌역에서 명동역까지 어떻게 가요?"""
버스 towards 가격이 얼마입니까?,"Feedback: Use ""으로"" instead of ""towards"". So, ""버스로 가격이 얼마입니까?"""
대학생들에게 가장 좋은 교통 카드는 무엇입니까?,Feedback: Perfect use of the grammar! Keep it up!
T-money 카드를 어디서 구매하나요?,Feedback: Great question! Your sentence structure is correct.
감사합니다. 정보가 많이 도움이 되었습니다.,Feedback: Well done! You've used the formal ending appropriately.
T-money 카드는 어디에서 구매하나요?,"Feedback: You almost got it! The correct form is ""어디서 구매하나요?"" instead of ""어디에서 구매하나요?""."
편의점이 어떤 도로로 갑니까?,"Feedback: Minor error. It should be ""편의점으로 어떤 길로 가야 합니까?"""
감사해. 너무 도움 됐습니다.,"Feedback: Remember to maintain formality. It should be ""감사합니다. 너무 도움이 되었습니다."""
해운대 가고 싶다요. 어떻게 가야 합니까?,"Just a small mistake! It should be ""해운대로 가고 싶습니다."" instead of ""해운대 가고 싶다요.""."
감사합니다! 지하철 역 어디 있어 주다?,"Good attempt! The correct form is ""지하철 역은 어디에 있습니까?""."
다른 관광지도 추천해 주다?,"It's close! Try ""다른 관광지도 추천해 주십시오?""."
"네, 감사해 주다! [End of conversation]","Nice effort! The correct phrase is ""네, 감사드립니다!""."
"네, 부산타워 가려고요. 어떻게 갈 수 있습니까?","A minor slip! Use ""부산타워로 가려고 합니다."" instead of ""부산타워 가려고요.""."
"아, 그렇군요! 지하철 티켓 얼마에요 주다?","Almost there! Try ""지하철 티켓은 얼마입니까?""."
광안대교 보고 싶어 주다.,"Good attempt! The correct phrase is ""광안대교를 보고 싶습니다.""."
고마워요! 도움 많이 주다! [End of conversation],"Close! The accurate sentence is ""도와주셔서 감사합니다!""."
"네, 카페를 여실까 생각하고 있어요. 바닷가 근처의 위치가 좋을 것 같아 주다.","Feedback: Close! The correct phrase would be ""바닷가 근처가 좋을 것 같습니다.""."
임대료가 높아도 괜찮아 주다. 광안리에 더 자세히 알아보자 주다.,"Feedback: You're getting there! Try ""임대료가 높아도 괜찮습니다. 광안리에 더 자세히 알아보겠습니다.""."
"네, 그럼 견적을 받아 볼까 주다.","Feedback: Well done! Just a small correction: ""네, 그럼 견적을 받아 보겠습니다."" would be more accurate."
고마워 주다. 기다리겠어요. [End of convesation],"Feedback: Almost perfect! It should be ""고맙습니다. 기다리겠습니다.""."